city,zip,lat,lon,datetime,temp,data
Aachen,52064,50.774051,6.075709,2021-11-04 01:00:00,4.85,"{'dt': 1635984000, 'temp': 278, 'feels_like': 276.03, 'pressure': 1005, 'humidity': 97, 'dew_point': 277.56, 'uvi': 0, 'clouds': 100, 'visibility': 10000, 'wind_speed': 2.32, 'wind_deg': 252, 'wind_gust': 4.48, 'weather': [{'id': 804, 'main': 'Clouds', 'description': 'overcast clouds', 'icon': '04n'}]}"
Aachen,52064,50.774051,6.075709,2021-11-04 02:00:00,4.85,"{'dt': 1635987600, 'temp': 278, 'feels_like': 276.03, 'pressure': 1005, 'humidity': 97, 'dew_point': 277.56, 'uvi': 0, 'clouds': 100, 'visibility': 10000, 'wind_speed': 2.32, 'wind_deg': 252, 'wind_gust': 4.48, 'weather': [{'id': 804, 'main': 'Clouds', 'description': 'overcast clouds', 'icon': '04n'}]}"
Aachen,52064,50.774051,6.075709,2021-11-04 03:00:00,4.85,"{'dt': 1635991200, 'temp': 278, 'feels_like': 276.03, 'pressure': 1005, 'humidity': 97, 'dew_point': 277.56, 'uvi': 0, 'clouds': 100, 'visibility': 10000, 'wind_speed': 2.32, 'wind_deg': 252, 'wind_gust': 4.48, 'weather': [{'id': 804, 'main': 'Clouds', 'description': 'overcast clouds', 'icon': '04n'}]}"
Aachen,52064,50.774051,6.075709,2021-11-04 04:00:00,4.85,"{'dt': 1635994800, 'temp': 278, 'feels_like': 276.03, 'pressure': 1005, 'humidity': 97, 'dew_point': 277.56, 'uvi': 0, 'clouds': 100, 'visibility': 10000, 'wind_speed': 2.32, 'wind_deg': 252, 'wind_gust': 4.48, 'weather': [{'id': 804, 'main': 'Clouds', 'description': 'overcast clouds', 'icon': '04n'}]}"
Aachen,52064,50.774051,6.075709,2021-11-04 05:00:00,4.85,"{'dt': 1635998400, 'temp': 278, 'feels_like': 276.03, 'pressure': 1005, 'humidity': 97, 'dew_point': 277.56, 'uvi': 0, 'clouds': 100, 'visibility': 10000, 'wind_speed': 2.32, 'wind_deg': 252, 'wind_gust': 4.48, 'weather': [{'id': 804, 'main': 'Clouds', 'description': 'overcast clouds', 'icon': '04n'}]}"
Aachen,52064,50.774051,6.075709,2021-11-04 06:00:00,4.85,"{'dt': 1636002000, 'temp': 278, 'feels_like': 276.03, 'pressure': 1005, 'humidity': 97, 'dew_point': 277.56, 'uvi': 0, 'clouds': 100, 'visibility': 10000, 'wind_speed': 2.32, 'wind_deg': 252, 'wind_gust': 4.48, 'weather': [{'id': 804, 'main': 'Clouds', 'description': 'overcast clouds', 'icon': '04n'}]}"
Aachen,52064,50.774051,6.075709,2021-11-04 07:00:00,4.85,"{'dt': 1636005600, 'temp': 278, 'feels_like': 276.03, 'pressure': 1005, 'humidity': 97, 'dew_point': 277.56, 'uvi': 0, 'clouds': 100, 'visibility': 10000, 'wind_speed': 2.32, 'wind_deg': 252, 'wind_gust': 4.48, 'weather': [{'id': 804, 'main': 'Clouds', 'description': 'overcast clouds', 'icon': '04n'}]}"
Aachen,52064,50.774051,6.075709,2021-11-04 08:00:00,4.84,"{'dt': 1636009200, 'temp': 277.99, 'feels_like': 275.84, 'pressure': 1006, 'humidity': 97, 'dew_point': 277.55, 'uvi': 0, 'clouds': 100, 'visibility': 10000, 'wind_speed': 2.53, 'wind_deg': 254, 'wind_gust': 4.44, 'weather': [{'id': 804, 'main': 'Clouds', 'description': 'overcast clouds', 'icon': '04d'}]}"
Aachen,52064,50.774051,6.075709,2021-11-04 09:00:00,5.12,"{'dt': 1636012800, 'temp': 278.27, 'feels_like': 275.67, 'pressure': 1006, 'humidity': 95, 'dew_point': 277.54, 'uvi': 0.12, 'clouds': 100, 'visibility': 10000, 'wind_speed': 3.18, 'wind_deg': 250, 'wind_gust': 4.55, 'weather': [{'id': 804, 'main': 'Clouds', 'description': 'overcast clouds', 'icon': '04d'}]}"
Aachen,52064,50.774051,6.075709,2021-11-04 10:00:00,5.8,"{'dt': 1636016400, 'temp': 278.95, 'feels_like': 276.18, 'pressure': 1007, 'humidity': 91, 'dew_point': 277.6, 'uvi': 0.3, 'clouds': 100, 'visibility': 10000, 'wind_speed': 3.68, 'wind_deg': 256, 'wind_gust': 4.91, 'weather': [{'id': 804, 'main': 'Clouds', 'description': 'overcast clouds', 'icon': '04d'}]}"
Aachen,52064,50.774051,6.075709,2021-11-04 11:00:00,6.58,"{'dt': 1636020000, 'temp': 279.73, 'feels_like': 276.89, 'pressure': 1007, 'humidity': 88, 'dew_point': 277.89, 'uvi': 0.13, 'clouds': 99, 'visibility': 10000, 'wind_speed': 4.11, 'wind_deg': 252, 'wind_gust': 5.34, 'weather': [{'id': 804, 'main': 'Clouds', 'description': 'overcast clouds', 'icon': '04d'}]}"
Aachen,52064,50.774051,6.075709,2021-11-04 12:00:00,7.58,"{'dt': 1636023600, 'temp': 280.73, 'feels_like': 277.98, 'pressure': 1008, 'humidity': 84, 'dew_point': 278.2, 'uvi': 0.18, 'clouds': 99, 'visibility': 10000, 'wind_speed': 4.4, 'wind_deg': 251, 'wind_gust': 5.38, 'weather': [{'id': 804, 'main': 'Clouds', 'description': 'overcast clouds', 'icon': '04d'}]}"
Aachen,52064,50.774051,6.075709,2021-11-04 13:00:00,8.15,"{'dt': 1636027200, 'temp': 281.3, 'feels_like': 278.32, 'pressure': 1007, 'humidity': 81, 'dew_point': 278.24, 'uvi': 0.18, 'clouds': 82, 'visibility': 10000, 'wind_speed': 5.27, 'wind_deg': 253, 'wind_gust': 6.62, 'weather': [{'id': 803, 'main': 'Clouds', 'description': 'broken clouds', 'icon': '04d'}]}"
Aachen,52064,50.774051,6.075709,2021-11-04 14:00:00,8.56,"{'dt': 1636030800, 'temp': 281.71, 'feels_like': 278.86, 'pressure': 1007, 'humidity': 78, 'dew_point': 278.1, 'uvi': 0.41, 'clouds': 94, 'visibility': 10000, 'wind_speed': 5.19, 'wind_deg': 250, 'wind_gust': 6.62, 'weather': [{'id': 804, 'main': 'Clouds', 'description': 'overcast clouds', 'icon': '04d'}]}"
Aachen,52064,50.774051,6.075709,2021-11-04 15:00:00,8.65,"{'dt': 1636034400, 'temp': 281.8, 'feels_like': 279.2, 'pressure': 1008, 'humidity': 79, 'dew_point': 278.37, 'uvi': 0.25, 'clouds': 94, 'visibility': 10000, 'wind_speed': 4.64, 'wind_deg': 251, 'wind_gust': 6.7, 'weather': [{'id': 804, 'main': 'Clouds', 'description': 'overcast clouds', 'icon': '04d'}]}"
Aachen,52064,50.774051,6.075709,2021-11-04 16:00:00,7.31,"{'dt': 1636038000, 'temp': 280.46, 'feels_like': 279.93, 'pressure': 1006, 'humidity': 96, 'dew_point': 279.87, 'uvi': 0.11, 'clouds': 96, 'visibility': 10000, 'wind_speed': 1.34, 'wind_deg': 234, 'wind_gust': 1.79, 'weather': [{'id': 804, 'main': 'Clouds', 'description': 'overcast clouds', 'icon': '04d'}]}"
Aachen,52064,50.774051,6.075709,2021-11-04 17:00:00,7.41,"{'dt': 1636041600, 'temp': 280.56, 'feels_like': 279.53, 'pressure': 1007, 'humidity': 96, 'dew_point': 279.96, 'uvi': 0, 'clouds': 97, 'visibility': 10000, 'wind_speed': 1.79, 'wind_deg': 236, 'wind_gust': 2.68, 'weather': [{'id': 500, 'main': 'Rain', 'description': 'light rain', 'icon': '10d'}], 'rain': {'1h': 0.31}}"
Aachen,52064,50.774051,6.075709,2021-11-04 18:00:00,7.36,"{'dt': 1636045200, 'temp': 280.51, 'feels_like': 279.99, 'pressure': 1007, 'humidity': 96, 'dew_point': 279.92, 'uvi': 0, 'clouds': 97, 'visibility': 10000, 'wind_speed': 1.34, 'wind_deg': 234, 'wind_gust': 1.79, 'weather': [{'id': 804, 'main': 'Clouds', 'description': 'overcast clouds', 'icon': '04n'}]}"
Aachen,52064,50.774051,6.075709,2021-11-04 19:00:00,7.34,"{'dt': 1636048800, 'temp': 280.49, 'feels_like': 278.36, 'pressure': 1010, 'humidity': 98, 'dew_point': 280.2, 'uvi': 0, 'clouds': 32, 'visibility': 10000, 'wind_speed': 3.17, 'wind_deg': 255, 'wind_gust': 5.74, 'weather': [{'id': 802, 'main': 'Clouds', 'description': 'scattered clouds', 'icon': '03n'}]}"
Aachen,52064,50.774051,6.075709,2021-11-04 20:00:00,7.23,"{'dt': 1636052400, 'temp': 280.38, 'feels_like': 278.72, 'pressure': 1009, 'humidity': 94, 'dew_point': 279.48, 'uvi': 0, 'clouds': 47, 'visibility': 10000, 'wind_speed': 2.46, 'wind_deg': 256, 'wind_gust': 3.64, 'weather': [{'id': 802, 'main': 'Clouds', 'description': 'scattered clouds', 'icon': '03n'}]}"
Aachen,52064,50.774051,6.075709,2021-11-04 21:00:00,6.87,"{'dt': 1636056000, 'temp': 280.02, 'feels_like': 278.65, 'pressure': 1013, 'humidity': 100, 'dew_point': 280.02, 'uvi': 0, 'clouds': 51, 'visibility': 10000, 'wind_speed': 2.05, 'wind_deg': 259, 'wind_gust': 2.94, 'weather': [{'id': 803, 'main': 'Clouds', 'description': 'broken clouds', 'icon': '04n'}]}"
Aachen,52064,50.774051,6.075709,2021-11-04 22:00:00,6.76,"{'dt': 1636059600, 'temp': 279.91, 'feels_like': 278.64, 'pressure': 1014, 'humidity': 99, 'dew_point': 279.76, 'uvi': 0, 'clouds': 58, 'visibility': 8082, 'wind_speed': 1.93, 'wind_deg': 257, 'wind_gust': 2.8, 'weather': [{'id': 803, 'main': 'Clouds', 'description': 'broken clouds', 'icon': '04n'}]}"
Aachen,52064,50.774051,6.075709,2021-11-04 23:00:00,6.33,"{'dt': 1636063200, 'temp': 279.48, 'feels_like': 278.02, 'pressure': 1014, 'humidity': 99, 'dew_point': 279.33, 'uvi': 0, 'clouds': 62, 'visibility': 3697, 'wind_speed': 2.05, 'wind_deg': 248, 'wind_gust': 2.94, 'weather': [{'id': 803, 'main': 'Clouds', 'description': 'broken clouds', 'icon': '04n'}]}"
Aachen,52064,50.774051,6.075709,2021-11-05 00:00:00,6.44,"{'dt': 1636066800, 'temp': 279.59, 'feels_like': 279.59, 'pressure': 1012, 'humidity': 90, 'dew_point': 278.07, 'uvi': 0, 'clouds': 65, 'visibility': 9292, 'wind_speed': 0.89, 'wind_deg': 232, 'wind_gust': 1.34, 'weather': [{'id': 803, 'main': 'Clouds', 'description': 'broken clouds', 'icon': '04n'}]}"
Aachen,52064,50.774051,6.075709,2021-11-05 01:00:00,6.42,"{'dt': 1636070400, 'temp': 279.57, 'feels_like': 279.57, 'pressure': 1013, 'humidity': 90, 'dew_point': 278.05, 'uvi': 0, 'clouds': 93, 'visibility': 9046, 'wind_speed': 0.45, 'wind_deg': 232, 'wind_gust': 1.34, 'weather': [{'id': 804, 'main': 'Clouds', 'description': 'overcast clouds', 'icon': '04n'}]}"
Aachen,52064,50.774051,6.075709,2021-11-05 02:00:00,6.85,"{'dt': 1636074000, 'temp': 280, 'feels_like': 278.5, 'pressure': 1013, 'humidity': 97, 'dew_point': 279.56, 'uvi': 0, 'clouds': 94, 'visibility': 8228, 'wind_speed': 2.19, 'wind_deg': 240, 'wind_gust': 4.26, 'weather': [{'id': 804, 'main': 'Clouds', 'description': 'overcast clouds', 'icon': '04n'}]}"
Aachen,52064,50.774051,6.075709,2021-11-05 03:00:00,6.57,"{'dt': 1636077600, 'temp': 279.72, 'feels_like': 279.72, 'pressure': 1014, 'humidity': 97, 'dew_point': 279.28, 'uvi': 0, 'clouds': 93, 'visibility': 10000, 'wind_speed': 0.89, 'wind_deg': 264, 'wind_gust': 2.68, 'weather': [{'id': 804, 'main': 'Clouds', 'description': 'overcast clouds', 'icon': '04n'}]}"
Aachen,52064,50.774051,6.075709,2021-11-05 04:00:00,6.28,"{'dt': 1636081200, 'temp': 279.43, 'feels_like': 279.43, 'pressure': 1015, 'humidity': 97, 'dew_point': 278.99, 'uvi': 0, 'clouds': 88, 'visibility': 10000, 'wind_speed': 0.45, 'wind_deg': 264, 'wind_gust': 1.34, 'weather': [{'id': 804, 'main': 'Clouds', 'description': 'overcast clouds', 'icon': '04n'}]}"
Aachen,52064,50.774051,6.075709,2021-11-05 05:00:00,5.97,"{'dt': 1636084800, 'temp': 279.12, 'feels_like': 279.12, 'pressure': 1016, 'humidity': 97, 'dew_point': 278.68, 'uvi': 0, 'clouds': 85, 'visibility': 10000, 'wind_speed': 0.89, 'wind_deg': 264, 'wind_gust': 2.68, 'weather': [{'id': 804, 'main': 'Clouds', 'description': 'overcast clouds', 'icon': '04n'}]}"
Aachen,52064,50.774051,6.075709,2021-11-05 06:00:00,5.89,"{'dt': 1636088400, 'temp': 279.04, 'feels_like': 278.32, 'pressure': 1017, 'humidity': 97, 'dew_point': 278.6, 'uvi': 0, 'clouds': 84, 'visibility': 10000, 'wind_speed': 1.34, 'wind_deg': 249, 'wind_gust': 3.13, 'weather': [{'id': 803, 'main': 'Clouds', 'description': 'broken clouds', 'icon': '04n'}]}"
Aachen,52064,50.774051,6.075709,2021-11-05 07:00:00,5.93,"{'dt': 1636092000, 'temp': 279.08, 'feels_like': 278.37, 'pressure': 1018, 'humidity': 97, 'dew_point': 278.64, 'uvi': 0, 'clouds': 92, 'visibility': 3615, 'wind_speed': 1.34, 'wind_deg': 248, 'wind_gust': 3.58, 'weather': [{'id': 804, 'main': 'Clouds', 'description': 'overcast clouds', 'icon': '04n'}]}"
Aachen,52064,50.774051,6.075709,2021-11-05 08:00:00,6.21,"{'dt': 1636095600, 'temp': 279.36, 'feels_like': 279.36, 'pressure': 1019, 'humidity': 97, 'dew_point': 278.92, 'uvi': 0, 'clouds': 99, 'visibility': 3943, 'wind_speed': 0.89, 'wind_deg': 248, 'wind_gust': 1.79, 'weather': [{'id': 804, 'main': 'Clouds', 'description': 'overcast clouds', 'icon': '04d'}]}"
Aachen,52064,50.774051,6.075709,2021-11-05 09:00:00,6.49,"{'dt': 1636099200, 'temp': 279.64, 'feels_like': 278.47, 'pressure': 1020, 'humidity': 97, 'dew_point': 279.2, 'uvi': 0.13, 'clouds': 98, 'visibility': 10000, 'wind_speed': 1.79, 'wind_deg': 243, 'wind_gust': 3.58, 'weather': [{'id': 804, 'main': 'Clouds', 'description': 'overcast clouds', 'icon': '04d'}]}"
Aachen,52064,50.774051,6.075709,2021-11-05 10:00:00,7.34,"{'dt': 1636102800, 'temp': 280.49, 'feels_like': 279.96, 'pressure': 1020, 'humidity': 97, 'dew_point': 280.05, 'uvi': 0.33, 'clouds': 97, 'visibility': 10000, 'wind_speed': 1.34, 'wind_deg': 246, 'wind_gust': 3.13, 'weather': [{'id': 804, 'main': 'Clouds', 'description': 'overcast clouds', 'icon': '04d'}]}"
Aachen,52064,50.774051,6.075709,2021-11-05 11:00:00,8.6,"{'dt': 1636106400, 'temp': 281.75, 'feels_like': 280.9, 'pressure': 1021, 'humidity': 93, 'dew_point': 280.68, 'uvi': 0.21, 'clouds': 95, 'visibility': 10000, 'wind_speed': 1.79, 'wind_deg': 248, 'wind_gust': 4.92, 'weather': [{'id': 804, 'main': 'Clouds', 'description': 'overcast clouds', 'icon': '04d'}]}"
Aachen,52064,50.774051,6.075709,2021-11-05 12:00:00,9.55,"{'dt': 1636110000, 'temp': 282.7, 'feels_like': 281.63, 'pressure': 1022, 'humidity': 91, 'dew_point': 281.31, 'uvi': 0.28, 'clouds': 91, 'visibility': 10000, 'wind_speed': 2.24, 'wind_deg': 250, 'wind_gust': 4.47, 'weather': [{'id': 804, 'main': 'Clouds', 'description': 'overcast clouds', 'icon': '04d'}]}"
Aachen,52064,50.774051,6.075709,2021-11-05 13:00:00,10.66,"{'dt': 1636113600, 'temp': 283.81, 'feels_like': 283.2, 'pressure': 1022, 'humidity': 87, 'dew_point': 281.74, 'uvi': 0.29, 'clouds': 48, 'visibility': 10000, 'wind_speed': 2.68, 'wind_deg': 238, 'wind_gust': 5.36, 'weather': [{'id': 802, 'main': 'Clouds', 'description': 'scattered clouds', 'icon': '03d'}]}"
Aachen,52064,50.774051,6.075709,2021-11-05 14:00:00,10.64,"{'dt': 1636117200, 'temp': 283.79, 'feels_like': 283.21, 'pressure': 1022, 'humidity': 88, 'dew_point': 281.89, 'uvi': 0.68, 'clouds': 63, 'visibility': 10000, 'wind_speed': 1.79, 'wind_deg': 249, 'wind_gust': 4.47, 'weather': [{'id': 803, 'main': 'Clouds', 'description': 'broken clouds', 'icon': '04d'}]}"
Aachen,52064,50.774051,6.075709,2021-11-05 15:00:00,10.41,"{'dt': 1636120800, 'temp': 283.56, 'feels_like': 282.98, 'pressure': 1023, 'humidity': 89, 'dew_point': 281.83, 'uvi': 0.41, 'clouds': 52, 'visibility': 10000, 'wind_speed': 1.79, 'wind_deg': 244, 'wind_gust': 4.02, 'weather': [{'id': 803, 'main': 'Clouds', 'description': 'broken clouds', 'icon': '04d'}]}"
Aachen,52064,50.774051,6.075709,2021-11-05 16:00:00,10.27,"{'dt': 1636124400, 'temp': 283.42, 'feels_like': 282.85, 'pressure': 1023, 'humidity': 90, 'dew_point': 281.85, 'uvi': 0.17, 'clouds': 43, 'visibility': 10000, 'wind_speed': 1.79, 'wind_deg': 248, 'wind_gust': 4.02, 'weather': [{'id': 802, 'main': 'Clouds', 'description': 'scattered clouds', 'icon': '03d'}]}"
Aachen,52064,50.774051,6.075709,2021-11-05 17:00:00,9.71,"{'dt': 1636128000, 'temp': 282.86, 'feels_like': 282.19, 'pressure': 1023, 'humidity': 78, 'dew_point': 279.21, 'uvi': 0, 'clouds': 36, 'visibility': 10000, 'wind_speed': 1.79, 'wind_deg': 251, 'wind_gust': 3.58, 'weather': [{'id': 802, 'main': 'Clouds', 'description': 'scattered clouds', 'icon': '03d'}]}"
Aachen,52064,50.774051,6.075709,2021-11-05 18:00:00,9.06,"{'dt': 1636131600, 'temp': 282.21, 'feels_like': 281.91, 'pressure': 1024, 'humidity': 90, 'dew_point': 280.66, 'uvi': 0, 'clouds': 30, 'visibility': 10000, 'wind_speed': 1.34, 'wind_deg': 252, 'wind_gust': 3.13, 'weather': [{'id': 802, 'main': 'Clouds', 'description': 'scattered clouds', 'icon': '03n'}]}"
Aachen,52064,50.774051,6.075709,2021-11-05 19:00:00,8.41,"{'dt': 1636135200, 'temp': 281.56, 'feels_like': 281.17, 'pressure': 1025, 'humidity': 92, 'dew_point': 280.34, 'uvi': 0, 'clouds': 72, 'visibility': 10000, 'wind_speed': 1.34, 'wind_deg': 252, 'wind_gust': 3.58, 'weather': [{'id': 803, 'main': 'Clouds', 'description': 'broken clouds', 'icon': '04n'}]}"
Aachen,52064,50.774051,6.075709,2021-11-05 20:00:00,7.84,"{'dt': 1636138800, 'temp': 280.99, 'feels_like': 280.53, 'pressure': 1025, 'humidity': 93, 'dew_point': 279.93, 'uvi': 0, 'clouds': 82, 'visibility': 10000, 'wind_speed': 1.34, 'wind_deg': 252, 'wind_gust': 3.13, 'weather': [{'id': 803, 'main': 'Clouds', 'description': 'broken clouds', 'icon': '04n'}]}"
Aachen,52064,50.774051,6.075709,2021-11-05 21:00:00,7.86,"{'dt': 1636142400, 'temp': 281.01, 'feels_like': 281.01, 'pressure': 1026, 'humidity': 94, 'dew_point': 280.11, 'uvi': 0, 'clouds': 86, 'visibility': 10000, 'wind_speed': 0.89, 'wind_deg': 252, 'wind_gust': 2.24, 'weather': [{'id': 804, 'main': 'Clouds', 'description': 'overcast clouds', 'icon': '04n'}]}"
Aachen,52064,50.774051,6.075709,2021-11-05 22:00:00,7.48,"{'dt': 1636146000, 'temp': 280.63, 'feels_like': 280.63, 'pressure': 1026, 'humidity': 94, 'dew_point': 279.73, 'uvi': 0, 'clouds': 86, 'visibility': 10000, 'wind_speed': 0.89, 'wind_deg': 246, 'wind_gust': 2.24, 'weather': [{'id': 804, 'main': 'Clouds', 'description': 'overcast clouds', 'icon': '04n'}]}"
Aachen,52064,50.774051,6.075709,2021-11-05 23:00:00,7.21,"{'dt': 1636149600, 'temp': 280.36, 'feels_like': 280.36, 'pressure': 1027, 'humidity': 96, 'dew_point': 279.77, 'uvi': 0, 'clouds': 81, 'visibility': 10000, 'wind_speed': 0.89, 'wind_deg': 250, 'wind_gust': 4.02, 'weather': [{'id': 803, 'main': 'Clouds', 'description': 'broken clouds', 'icon': '04n'}]}"
Aachen,52064,50.774051,6.075709,2021-11-06 00:00:00,6.69,"{'dt': 1636153200, 'temp': 279.84, 'feels_like': 279.84, 'pressure': 1027, 'humidity': 95, 'dew_point': 279.1, 'uvi': 0, 'clouds': 75, 'visibility': 10000, 'wind_speed': 0.89, 'wind_deg': 248, 'wind_gust': 3.13, 'weather': [{'id': 803, 'main': 'Clouds', 'description': 'broken clouds', 'icon': '04n'}]}"
Aachen,52064,50.774051,6.075709,2021-11-06 01:00:00,6.03,"{'dt': 1636156800, 'temp': 279.18, 'feels_like': 278.48, 'pressure': 1027, 'humidity': 95, 'dew_point': 278.44, 'uvi': 0, 'clouds': 51, 'visibility': 10000, 'wind_speed': 1.34, 'wind_deg': 247, 'wind_gust': 3.13, 'weather': [{'id': 803, 'main': 'Clouds', 'description': 'broken clouds', 'icon': '04n'}]}"
Aachen,52064,50.774051,6.075709,2021-11-06 02:00:00,5.45,"{'dt': 1636160400, 'temp': 278.6, 'feels_like': 278.6, 'pressure': 1027, 'humidity': 95, 'dew_point': 277.86, 'uvi': 0, 'clouds': 63, 'visibility': 10000, 'wind_speed': 0.45, 'wind_deg': 247, 'wind_gust': 1.79, 'weather': [{'id': 803, 'main': 'Clouds', 'description': 'broken clouds', 'icon': '04n'}]}"
Aachen,52064,50.774051,6.075709,2021-11-06 03:00:00,4.94,"{'dt': 1636164000, 'temp': 278.09, 'feels_like': 277.25, 'pressure': 1027, 'humidity': 83, 'dew_point': 275.45, 'uvi': 0, 'clouds': 80, 'visibility': 10000, 'wind_speed': 1.34, 'wind_deg': 245, 'wind_gust': 3.13, 'weather': [{'id': 803, 'main': 'Clouds', 'description': 'broken clouds', 'icon': '04n'}]}"
Aachen,52064,50.774051,6.075709,2021-11-06 04:00:00,4.39,"{'dt': 1636167600, 'temp': 277.54, 'feels_like': 277.54, 'pressure': 1027, 'humidity': 96, 'dew_point': 276.96, 'uvi': 0, 'clouds': 63, 'visibility': 10000, 'wind_speed': 0.89, 'wind_deg': 241, 'wind_gust': 2.24, 'weather': [{'id': 803, 'main': 'Clouds', 'description': 'broken clouds', 'icon': '04n'}]}"
Aachen,52064,50.774051,6.075709,2021-11-06 05:00:00,4.39,"{'dt': 1636171200, 'temp': 277.54, 'feels_like': 276.63, 'pressure': 1027, 'humidity': 95, 'dew_point': 276.81, 'uvi': 0, 'clouds': 70, 'visibility': 10000, 'wind_speed': 1.34, 'wind_deg': 238, 'wind_gust': 3.58, 'weather': [{'id': 803, 'main': 'Clouds', 'description': 'broken clouds', 'icon': '04n'}]}"
Aachen,52064,50.774051,6.075709,2021-11-06 06:00:00,4.28,"{'dt': 1636174800, 'temp': 277.43, 'feels_like': 277.43, 'pressure': 1027, 'humidity': 95, 'dew_point': 276.7, 'uvi': 0, 'clouds': 65, 'visibility': 10000, 'wind_speed': 0.89, 'wind_deg': 227, 'wind_gust': 3.13, 'weather': [{'id': 803, 'main': 'Clouds', 'description': 'broken clouds', 'icon': '04n'}]}"
Aachen,52064,50.774051,6.075709,2021-11-06 07:00:00,4.3,"{'dt': 1636178400, 'temp': 277.45, 'feels_like': 275.94, 'pressure': 1027, 'humidity': 81, 'dew_point': 274.48, 'uvi': 0, 'clouds': 79, 'visibility': 10000, 'wind_speed': 1.79, 'wind_deg': 234, 'wind_gust': 4.47, 'weather': [{'id': 803, 'main': 'Clouds', 'description': 'broken clouds', 'icon': '04n'}]}"
Aachen,52064,50.774051,6.075709,2021-11-06 08:00:00,4.37,"{'dt': 1636182000, 'temp': 277.52, 'feels_like': 276.02, 'pressure': 1027, 'humidity': 90, 'dew_point': 276.03, 'uvi': 0, 'clouds': 90, 'visibility': 10000, 'wind_speed': 1.79, 'wind_deg': 235, 'wind_gust': 3.58, 'weather': [{'id': 804, 'main': 'Clouds', 'description': 'overcast clouds', 'icon': '04d'}]}"
Aachen,52064,50.774051,6.075709,2021-11-06 09:00:00,5.37,"{'dt': 1636185600, 'temp': 278.52, 'feels_like': 276.34, 'pressure': 1027, 'humidity': 90, 'dew_point': 277.01, 'uvi': 0.15, 'clouds': 91, 'visibility': 10000, 'wind_speed': 2.68, 'wind_deg': 219, 'wind_gust': 6.26, 'weather': [{'id': 804, 'main': 'Clouds', 'description': 'overcast clouds', 'icon': '04d'}]}"
Aachen,52064,50.774051,6.075709,2021-11-06 10:00:00,6.83,"{'dt': 1636189200, 'temp': 279.98, 'feels_like': 278.43, 'pressure': 1027, 'humidity': 88, 'dew_point': 278.13, 'uvi': 0.4, 'clouds': 91, 'visibility': 10000, 'wind_speed': 2.24, 'wind_deg': 235, 'wind_gust': 5.81, 'weather': [{'id': 804, 'main': 'Clouds', 'description': 'overcast clouds', 'icon': '04d'}]}"
Aachen,52064,50.774051,6.075709,2021-11-06 11:00:00,8.01,"{'dt': 1636192800, 'temp': 281.16, 'feels_like': 280.22, 'pressure': 1027, 'humidity': 85, 'dew_point': 278.8, 'uvi': 0.42, 'clouds': 93, 'visibility': 10000, 'wind_speed': 1.79, 'wind_deg': 246, 'wind_gust': 4.47, 'weather': [{'id': 804, 'main': 'Clouds', 'description': 'overcast clouds', 'icon': '04d'}]}"
Aachen,52064,50.774051,6.075709,2021-11-06 12:00:00,9.2,"{'dt': 1636196400, 'temp': 282.35, 'feels_like': 281.22, 'pressure': 1027, 'humidity': 84, 'dew_point': 279.79, 'uvi': 0.56, 'clouds': 94, 'visibility': 10000, 'wind_speed': 2.24, 'wind_deg': 176, 'wind_gust': 5.36, 'weather': [{'id': 804, 'main': 'Clouds', 'description': 'overcast clouds', 'icon': '04d'}]}"
Aachen,52064,50.774051,6.075709,2021-11-06 13:00:00,10.08,"{'dt': 1636200000, 'temp': 283.23, 'feels_like': 281.89, 'pressure': 1026, 'humidity': 61, 'dew_point': 276.06, 'uvi': 0.57, 'clouds': 100, 'visibility': 10000, 'wind_speed': 1.34, 'wind_deg': 191, 'wind_gust': 3.58, 'weather': [{'id': 804, 'main': 'Clouds', 'description': 'overcast clouds', 'icon': '04d'}]}"
Aachen,52064,50.774051,6.075709,2021-11-06 14:00:00,10.46,"{'dt': 1636203600, 'temp': 283.61, 'feels_like': 282.28, 'pressure': 1025, 'humidity': 60, 'dew_point': 276.18, 'uvi': 0.55, 'clouds': 100, 'visibility': 10000, 'wind_speed': 2.24, 'wind_deg': 237, 'wind_gust': 5.81, 'weather': [{'id': 804, 'main': 'Clouds', 'description': 'overcast clouds', 'icon': '04d'}]}"
Aachen,52064,50.774051,6.075709,2021-11-06 15:00:00,9.84,"{'dt': 1636207200, 'temp': 282.99, 'feels_like': 281.97, 'pressure': 1024, 'humidity': 83, 'dew_point': 280.24, 'uvi': 0.32, 'clouds': 100, 'visibility': 10000, 'wind_speed': 2.24, 'wind_deg': 256, 'wind_gust': 4.92, 'weather': [{'id': 804, 'main': 'Clouds', 'description': 'overcast clouds', 'icon': '04d'}]}"
Aachen,52064,50.774051,6.075709,2021-11-06 16:00:00,9.49,"{'dt': 1636210800, 'temp': 282.64, 'feels_like': 281.93, 'pressure': 1024, 'humidity': 84, 'dew_point': 280.08, 'uvi': 0.13, 'clouds': 99, 'visibility': 10000, 'wind_speed': 1.79, 'wind_deg': 227, 'wind_gust': 5.36, 'weather': [{'id': 804, 'main': 'Clouds', 'description': 'overcast clouds', 'icon': '04d'}]}"
Aachen,52064,50.774051,6.075709,2021-11-06 17:00:00,9.57,"{'dt': 1636214400, 'temp': 282.72, 'feels_like': 281.34, 'pressure': 1023, 'humidity': 84, 'dew_point': 280.15, 'uvi': 0, 'clouds': 99, 'visibility': 10000, 'wind_speed': 2.68, 'wind_deg': 244, 'wind_gust': 5.81, 'weather': [{'id': 804, 'main': 'Clouds', 'description': 'overcast clouds', 'icon': '04d'}]}"
Aachen,52064,50.774051,6.075709,2021-11-06 18:00:00,9.23,"{'dt': 1636218000, 'temp': 282.38, 'feels_like': 281.25, 'pressure': 1023, 'humidity': 63, 'dew_point': 275.71, 'uvi': 0, 'clouds': 100, 'visibility': 10000, 'wind_speed': 2.24, 'wind_deg': 234, 'wind_gust': 6.26, 'weather': [{'id': 804, 'main': 'Clouds', 'description': 'overcast clouds', 'icon': '04n'}]}"
Aachen,52064,50.774051,6.075709,2021-11-06 19:00:00,8.96,"{'dt': 1636221600, 'temp': 282.11, 'feels_like': 280.62, 'pressure': 1022, 'humidity': 63, 'dew_point': 275.45, 'uvi': 0, 'clouds': 100, 'visibility': 10000, 'wind_speed': 2.68, 'wind_deg': 206, 'wind_gust': 5.36, 'weather': [{'id': 804, 'main': 'Clouds', 'description': 'overcast clouds', 'icon': '04n'}]}"
Aachen,52064,50.774051,6.075709,2021-11-06 20:00:00,8.39,"{'dt': 1636225200, 'temp': 281.54, 'feels_like': 279.39, 'pressure': 1021, 'humidity': 64, 'dew_point': 275.13, 'uvi': 0, 'clouds': 100, 'visibility': 10000, 'wind_speed': 3.58, 'wind_deg': 248, 'wind_gust': 8.05, 'weather': [{'id': 804, 'main': 'Clouds', 'description': 'overcast clouds', 'icon': '04n'}]}"
Aachen,52064,50.774051,6.075709,2021-11-06 21:00:00,8.5,"{'dt': 1636228800, 'temp': 281.65, 'feels_like': 280.07, 'pressure': 1021, 'humidity': 63, 'dew_point': 275.02, 'uvi': 0, 'clouds': 100, 'visibility': 10000, 'wind_speed': 2.68, 'wind_deg': 248, 'wind_gust': 6.26, 'weather': [{'id': 804, 'main': 'Clouds', 'description': 'overcast clouds', 'icon': '04n'}]}"
Aachen,52064,50.774051,6.075709,2021-11-06 22:00:00,8.72,"{'dt': 1636232400, 'temp': 281.87, 'feels_like': 279.57, 'pressure': 1020, 'humidity': 63, 'dew_point': 275.23, 'uvi': 0, 'clouds': 100, 'visibility': 10000, 'wind_speed': 4.02, 'wind_deg': 219, 'wind_gust': 8.05, 'weather': [{'id': 804, 'main': 'Clouds', 'description': 'overcast clouds', 'icon': '04n'}]}"
Aachen,52064,50.774051,6.075709,2021-11-06 23:00:00,8.88,"{'dt': 1636236000, 'temp': 282.03, 'feels_like': 279.77, 'pressure': 1020, 'humidity': 62, 'dew_point': 275.15, 'uvi': 0, 'clouds': 97, 'visibility': 10000, 'wind_speed': 4.02, 'wind_deg': 188, 'wind_gust': 9.83, 'weather': [{'id': 804, 'main': 'Clouds', 'description': 'overcast clouds', 'icon': '04n'}]}"
Aachen,52064,50.774051,6.075709,2021-11-07 00:00:00,8.8,"{'dt': 1636239600, 'temp': 281.95, 'feels_like': 279.67, 'pressure': 1019, 'humidity': 84, 'dew_point': 279.4, 'uvi': 0, 'clouds': 98, 'visibility': 10000, 'wind_speed': 4.02, 'wind_deg': 209, 'wind_gust': 9.83, 'weather': [{'id': 804, 'main': 'Clouds', 'description': 'overcast clouds', 'icon': '04n'}]}"
Aachen,52064,50.774051,6.075709,2021-11-07 01:00:00,8.94,"{'dt': 1636243200, 'temp': 282.09, 'feels_like': 279.63, 'pressure': 1018, 'humidity': 84, 'dew_point': 279.54, 'uvi': 0, 'clouds': 100, 'visibility': 10000, 'wind_speed': 4.47, 'wind_deg': 215, 'wind_gust': 10.28, 'weather': [{'id': 804, 'main': 'Clouds', 'description': 'overcast clouds', 'icon': '04n'}]}"
Aachen,52064,50.774051,6.075709,2021-11-07 02:00:00,8.52,"{'dt': 1636246800, 'temp': 281.67, 'feels_like': 280.09, 'pressure': 1017, 'humidity': 90, 'dew_point': 280.13, 'uvi': 0, 'clouds': 100, 'visibility': 10000, 'wind_speed': 2.68, 'wind_deg': 244, 'wind_gust': 6.71, 'weather': [{'id': 804, 'main': 'Clouds', 'description': 'overcast clouds', 'icon': '04n'}]}"
Aachen,52064,50.774051,6.075709,2021-11-07 03:00:00,7.92,"{'dt': 1636250400, 'temp': 281.07, 'feels_like': 279.08, 'pressure': 1017, 'humidity': 94, 'dew_point': 280.17, 'uvi': 0, 'clouds': 100, 'visibility': 10000, 'wind_speed': 3.13, 'wind_deg': 217, 'wind_gust': 8.49, 'weather': [{'id': 500, 'main': 'Rain', 'description': 'light rain', 'icon': '10n'}], 'rain': {'1h': 0.37}}"
Aachen,52064,50.774051,6.075709,2021-11-07 04:00:00,8.04,"{'dt': 1636254000, 'temp': 281.19, 'feels_like': 279.85, 'pressure': 1016, 'humidity': 95, 'dew_point': 280.44, 'uvi': 0, 'clouds': 100, 'visibility': 10000, 'wind_speed': 2.24, 'wind_deg': 246, 'wind_gust': 6.26, 'weather': [{'id': 500, 'main': 'Rain', 'description': 'light rain', 'icon': '10n'}], 'rain': {'1h': 0.35}}"
Aachen,52064,50.774051,6.075709,2021-11-07 05:00:00,8.38,"{'dt': 1636257600, 'temp': 281.53, 'feels_like': 280.65, 'pressure': 1016, 'humidity': 95, 'dew_point': 280.78, 'uvi': 0, 'clouds': 100, 'visibility': 10000, 'wind_speed': 1.79, 'wind_deg': 252, 'wind_gust': 5.36, 'weather': [{'id': 804, 'main': 'Clouds', 'description': 'overcast clouds', 'icon': '04n'}]}"
Aachen,52064,50.774051,6.075709,2021-11-07 06:00:00,8.76,"{'dt': 1636261200, 'temp': 281.91, 'feels_like': 280.38, 'pressure': 1015, 'humidity': 95, 'dew_point': 281.15, 'uvi': 0, 'clouds': 100, 'visibility': 10000, 'wind_speed': 2.68, 'wind_deg': 253, 'wind_gust': 6.26, 'weather': [{'id': 804, 'main': 'Clouds', 'description': 'overcast clouds', 'icon': '04n'}]}"
Aachen,52064,50.774051,6.075709,2021-11-07 07:00:00,9.02,"{'dt': 1636264800, 'temp': 282.17, 'feels_like': 280.16, 'pressure': 1015, 'humidity': 95, 'dew_point': 281.41, 'uvi': 0, 'clouds': 100, 'visibility': 10000, 'wind_speed': 3.58, 'wind_deg': 232, 'wind_gust': 8.49, 'weather': [{'id': 804, 'main': 'Clouds', 'description': 'overcast clouds', 'icon': '04n'}]}"
Aachen,52064,50.774051,6.075709,2021-11-07 08:00:00,9.28,"{'dt': 1636268400, 'temp': 282.43, 'feels_like': 280.72, 'pressure': 1015, 'humidity': 94, 'dew_point': 281.52, 'uvi': 0, 'clouds': 100, 'visibility': 10000, 'wind_speed': 3.13, 'wind_deg': 242, 'wind_gust': 6.71, 'weather': [{'id': 804, 'main': 'Clouds', 'description': 'overcast clouds', 'icon': '04d'}]}"
Aachen,52064,50.774051,6.075709,2021-11-07 09:00:00,9.49,"{'dt': 1636272000, 'temp': 282.64, 'feels_like': 280.73, 'pressure': 1015, 'humidity': 78, 'dew_point': 279, 'uvi': 0.11, 'clouds': 100, 'visibility': 10000, 'wind_speed': 3.58, 'wind_deg': 255, 'wind_gust': 8.05, 'weather': [{'id': 804, 'main': 'Clouds', 'description': 'overcast clouds', 'icon': '04d'}]}"
Aachen,52064,50.774051,6.075709,2021-11-07 10:00:00,9.83,"{'dt': 1636275600, 'temp': 282.98, 'feels_like': 281.14, 'pressure': 1015, 'humidity': 94, 'dew_point': 282.06, 'uvi': 0.32, 'clouds': 100, 'visibility': 10000, 'wind_speed': 3.58, 'wind_deg': 242, 'wind_gust': 7.15, 'weather': [{'id': 500, 'main': 'Rain', 'description': 'light rain', 'icon': '10d'}], 'rain': {'1h': 0.11}}"
Aachen,52064,50.774051,6.075709,2021-11-07 11:00:00,10.34,"{'dt': 1636279200, 'temp': 283.49, 'feels_like': 282.98, 'pressure': 1015, 'humidity': 92, 'dew_point': 282.25, 'uvi': 0.33, 'clouds': 100, 'visibility': 10000, 'wind_speed': 3.58, 'wind_deg': 246, 'wind_gust': 6.71, 'weather': [{'id': 500, 'main': 'Rain', 'description': 'light rain', 'icon': '10d'}], 'rain': {'1h': 0.18}}"
Aachen,52064,50.774051,6.075709,2021-11-07 12:00:00,10.51,"{'dt': 1636282800, 'temp': 283.66, 'feels_like': 282.67, 'pressure': 1015, 'humidity': 73, 'dew_point': 279.03, 'uvi': 0.43, 'clouds': 98, 'visibility': 10000, 'wind_speed': 2.24, 'wind_deg': 255, 'wind_gust': 4.92, 'weather': [{'id': 500, 'main': 'Rain', 'description': 'light rain', 'icon': '10d'}], 'rain': {'1h': 0.24}}"
Aachen,52064,50.774051,6.075709,2021-11-07 13:00:00,10.82,"{'dt': 1636286400, 'temp': 283.97, 'feels_like': 282.91, 'pressure': 1015, 'humidity': 69, 'dew_point': 278.52, 'uvi': 0.44, 'clouds': 26, 'visibility': 10000, 'wind_speed': 3.13, 'wind_deg': 291, 'wind_gust': 7.15, 'weather': [{'id': 500, 'main': 'Rain', 'description': 'light rain', 'icon': '10d'}], 'rain': {'1h': 0.12}}"
Aachen,52064,50.774051,6.075709,2021-11-07 14:00:00,10.62,"{'dt': 1636290000, 'temp': 283.77, 'feels_like': 282.74, 'pressure': 1015, 'humidity': 71, 'dew_point': 278.74, 'uvi': 0.46, 'clouds': 39, 'visibility': 10000, 'wind_speed': 3.58, 'wind_deg': 249, 'wind_gust': 7.15, 'weather': [{'id': 802, 'main': 'Clouds', 'description': 'scattered clouds', 'icon': '03d'}]}"
Aachen,52064,50.774051,6.075709,2021-11-07 15:00:00,10.64,"{'dt': 1636293600, 'temp': 283.79, 'feels_like': 282.76, 'pressure': 1015, 'humidity': 71, 'dew_point': 278.76, 'uvi': 0.27, 'clouds': 63, 'visibility': 10000, 'wind_speed': 2.24, 'wind_deg': 280, 'wind_gust': 8.49, 'weather': [{'id': 500, 'main': 'Rain', 'description': 'light rain', 'icon': '10d'}], 'rain': {'1h': 0.12}}"
Aachen,52064,50.774051,6.075709,2021-11-07 16:00:00,9.86,"{'dt': 1636297200, 'temp': 283.01, 'feels_like': 281.99, 'pressure': 1015, 'humidity': 72, 'dew_point': 278.21, 'uvi': 0.11, 'clouds': 75, 'visibility': 10000, 'wind_speed': 2.24, 'wind_deg': 295, 'wind_gust': 7.6, 'weather': [{'id': 500, 'main': 'Rain', 'description': 'light rain', 'icon': '10d'}], 'rain': {'1h': 0.14}}"
Aachen,52064,50.774051,6.075709,2021-11-07 17:00:00,8.93,"{'dt': 1636300800, 'temp': 282.08, 'feels_like': 280.9, 'pressure': 1016, 'humidity': 73, 'dew_point': 277.51, 'uvi': 0, 'clouds': 81, 'visibility': 10000, 'wind_speed': 2.24, 'wind_deg': 244, 'wind_gust': 7.15, 'weather': [{'id': 803, 'main': 'Clouds', 'description': 'broken clouds', 'icon': '04d'}]}"
Aachen,52064,50.774051,6.075709,2021-11-07 18:00:00,8.25,"{'dt': 1636304400, 'temp': 281.4, 'feels_like': 279.77, 'pressure': 1016, 'humidity': 65, 'dew_point': 275.22, 'uvi': 0, 'clouds': 85, 'visibility': 10000, 'wind_speed': 2.68, 'wind_deg': 277, 'wind_gust': 4.92, 'weather': [{'id': 804, 'main': 'Clouds', 'description': 'overcast clouds', 'icon': '04n'}]}"
Aachen,52064,50.774051,6.075709,2021-11-07 19:00:00,7.91,"{'dt': 1636308000, 'temp': 281.06, 'feels_like': 279.07, 'pressure': 1017, 'humidity': 86, 'dew_point': 278.87, 'uvi': 0, 'clouds': 100, 'visibility': 10000, 'wind_speed': 3.13, 'wind_deg': 285, 'wind_gust': 6.26, 'weather': [{'id': 500, 'main': 'Rain', 'description': 'light rain', 'icon': '10n'}], 'rain': {'1h': 0.14}}"
Aachen,52064,50.774051,6.075709,2021-11-07 20:00:00,7.62,"{'dt': 1636311600, 'temp': 280.77, 'feels_like': 279.36, 'pressure': 1017, 'humidity': 73, 'dew_point': 276.25, 'uvi': 0, 'clouds': 100, 'visibility': 10000, 'wind_speed': 2.24, 'wind_deg': 234, 'wind_gust': 4.92, 'weather': [{'id': 500, 'main': 'Rain', 'description': 'light rain', 'icon': '10n'}], 'rain': {'1h': 0.25}}"
Aachen,52064,50.774051,6.075709,2021-11-07 21:00:00,7.43,"{'dt': 1636315200, 'temp': 280.58, 'feels_like': 279.14, 'pressure': 1017, 'humidity': 87, 'dew_point': 278.56, 'uvi': 0, 'clouds': 100, 'visibility': 10000, 'wind_speed': 2.24, 'wind_deg': 251, 'wind_gust': 4.47, 'weather': [{'id': 500, 'main': 'Rain', 'description': 'light rain', 'icon': '10n'}], 'rain': {'1h': 0.18}}"
Aachen,52064,50.774051,6.075709,2021-11-07 22:00:00,7.36,"{'dt': 1636318800, 'temp': 280.51, 'feels_like': 280.51, 'pressure': 1018, 'humidity': 91, 'dew_point': 279.14, 'uvi': 0, 'clouds': 98, 'visibility': 10000, 'wind_speed': 0.89, 'wind_deg': 254, 'wind_gust': 4.47, 'weather': [{'id': 500, 'main': 'Rain', 'description': 'light rain', 'icon': '10n'}], 'rain': {'1h': 0.1}}"
Aachen,52064,50.774051,6.075709,2021-11-07 23:00:00,6.89,"{'dt': 1636322400, 'temp': 280.04, 'feels_like': 278.93, 'pressure': 1018, 'humidity': 90, 'dew_point': 278.52, 'uvi': 0, 'clouds': 95, 'visibility': 10000, 'wind_speed': 1.79, 'wind_deg': 240, 'wind_gust': 3.58, 'weather': [{'id': 500, 'main': 'Rain', 'description': 'light rain', 'icon': '10n'}], 'rain': {'1h': 0.13}}"
Aachen,52064,50.774051,6.075709,2021-11-08 00:00:00,6.83,"{'dt': 1636326000, 'temp': 279.98, 'feels_like': 278.86, 'pressure': 1018, 'humidity': 67, 'dew_point': 274.29, 'uvi': 0, 'clouds': 95, 'visibility': 10000, 'wind_speed': 1.79, 'wind_deg': 244, 'wind_gust': 4.02, 'weather': [{'id': 500, 'main': 'Rain', 'description': 'light rain', 'icon': '10n'}], 'rain': {'1h': 0.13}}"
Aachen,52064,50.774051,6.075709,2021-11-08 01:00:00,6.92,"{'dt': 1636329600, 'temp': 280.07, 'feels_like': 279.49, 'pressure': 1019, 'humidity': 94, 'dew_point': 279.17, 'uvi': 0, 'clouds': 54, 'visibility': 10000, 'wind_speed': 1.34, 'wind_deg': 245, 'wind_gust': 3.13, 'weather': [{'id': 500, 'main': 'Rain', 'description': 'light rain', 'icon': '10n'}], 'rain': {'1h': 0.1}}"
Aachen,52064,50.774051,6.075709,2021-11-08 02:00:00,6.58,"{'dt': 1636333200, 'temp': 279.73, 'feels_like': 279.73, 'pressure': 1019, 'humidity': 95, 'dew_point': 278.99, 'uvi': 0, 'clouds': 57, 'visibility': 10000, 'wind_speed': 0.89, 'wind_deg': 244, 'wind_gust': 3.13, 'weather': [{'id': 803, 'main': 'Clouds', 'description': 'broken clouds', 'icon': '04n'}]}"
Aachen,52064,50.774051,6.075709,2021-11-08 03:00:00,6.63,"{'dt': 1636336800, 'temp': 279.78, 'feels_like': 279.16, 'pressure': 1019, 'humidity': 95, 'dew_point': 279.04, 'uvi': 0, 'clouds': 47, 'visibility': 10000, 'wind_speed': 1.34, 'wind_deg': 228, 'wind_gust': 4.02, 'weather': [{'id': 802, 'main': 'Clouds', 'description': 'scattered clouds', 'icon': '03n'}]}"
Aachen,52064,50.774051,6.075709,2021-11-08 04:00:00,6.55,"{'dt': 1636340400, 'temp': 279.7, 'feels_like': 279.7, 'pressure': 1019, 'humidity': 94, 'dew_point': 278.81, 'uvi': 0, 'clouds': 54, 'visibility': 10000, 'wind_speed': 0.89, 'wind_deg': 236, 'wind_gust': 2.68, 'weather': [{'id': 803, 'main': 'Clouds', 'description': 'broken clouds', 'icon': '04n'}]}"
Aachen,52064,50.774051,6.075709,2021-11-08 05:00:00,6.37,"{'dt': 1636344000, 'temp': 279.52, 'feels_like': 279.52, 'pressure': 1019, 'humidity': 95, 'dew_point': 278.78, 'uvi': 0, 'clouds': 45, 'visibility': 10000, 'wind_speed': 0.89, 'wind_deg': 236, 'wind_gust': 1.79, 'weather': [{'id': 802, 'main': 'Clouds', 'description': 'scattered clouds', 'icon': '03n'}]}"
Aachen,52064,50.774051,6.075709,2021-11-08 06:00:00,6.29,"{'dt': 1636347600, 'temp': 279.44, 'feels_like': 279.44, 'pressure': 1019, 'humidity': 94, 'dew_point': 278.55, 'uvi': 0, 'clouds': 41, 'visibility': 10000, 'wind_speed': 0.89, 'wind_deg': 236, 'wind_gust': 2.68, 'weather': [{'id': 802, 'main': 'Clouds', 'description': 'scattered clouds', 'icon': '03n'}]}"
Aachen,52064,50.774051,6.075709,2021-11-08 07:00:00,6.17,"{'dt': 1636351200, 'temp': 279.32, 'feels_like': 279.32, 'pressure': 1020, 'humidity': 72, 'dew_point': 274.66, 'uvi': 0, 'clouds': 62, 'visibility': 10000, 'wind_speed': 0.89, 'wind_deg': 232, 'wind_gust': 2.24, 'weather': [{'id': 803, 'main': 'Clouds', 'description': 'broken clouds', 'icon': '04n'}]}"
Aachen,52064,50.774051,6.075709,2021-11-08 08:00:00,5.85,"{'dt': 1636354800, 'temp': 279, 'feels_like': 279, 'pressure': 1020, 'humidity': 72, 'dew_point': 274.35, 'uvi': 0, 'clouds': 74, 'visibility': 10000, 'wind_speed': 0.45, 'wind_deg': 232, 'wind_gust': 1.34, 'weather': [{'id': 803, 'main': 'Clouds', 'description': 'broken clouds', 'icon': '04d'}]}"
Aachen,52064,50.774051,6.075709,2021-11-08 09:00:00,6.24,"{'dt': 1636358400, 'temp': 279.39, 'feels_like': 279.39, 'pressure': 1021, 'humidity': 94, 'dew_point': 278.5, 'uvi': 0.13, 'clouds': 79, 'visibility': 10000, 'wind_speed': 0.89, 'wind_deg': 232, 'wind_gust': 2.24, 'weather': [{'id': 803, 'main': 'Clouds', 'description': 'broken clouds', 'icon': '04d'}]}"
Aachen,52064,50.774051,6.075709,2021-11-08 10:00:00,7.18,"{'dt': 1636362000, 'temp': 280.33, 'feels_like': 279.78, 'pressure': 1021, 'humidity': 90, 'dew_point': 278.8, 'uvi': 0.36, 'clouds': 85, 'visibility': 10000, 'wind_speed': 1.34, 'wind_deg': 215, 'wind_gust': 2.68, 'weather': [{'id': 804, 'main': 'Clouds', 'description': 'overcast clouds', 'icon': '04d'}]}"
Aachen,52064,50.774051,6.075709,2021-11-08 11:00:00,8.75,"{'dt': 1636365600, 'temp': 281.9, 'feels_like': 281.56, 'pressure': 1022, 'humidity': 85, 'dew_point': 279.52, 'uvi': 0.23, 'clouds': 74, 'visibility': 10000, 'wind_speed': 1.34, 'wind_deg': 230, 'wind_gust': 3.58, 'weather': [{'id': 803, 'main': 'Clouds', 'description': 'broken clouds', 'icon': '04d'}]}"
Aachen,52064,50.774051,6.075709,2021-11-08 12:00:00,9.68,"{'dt': 1636369200, 'temp': 282.83, 'feels_like': 282.15, 'pressure': 1021, 'humidity': 84, 'dew_point': 280.26, 'uvi': 0.3, 'clouds': 79, 'visibility': 10000, 'wind_speed': 1.79, 'wind_deg': 235, 'wind_gust': 3.13, 'weather': [{'id': 803, 'main': 'Clouds', 'description': 'broken clouds', 'icon': '04d'}]}"
Aachen,52064,50.774051,6.075709,2021-11-08 13:00:00,10.14,"{'dt': 1636372800, 'temp': 283.29, 'feels_like': 282, 'pressure': 1021, 'humidity': 63, 'dew_point': 276.57, 'uvi': 0.31, 'clouds': 20, 'visibility': 10000, 'wind_speed': 1.34, 'wind_deg': 267, 'wind_gust': 4.47, 'weather': [{'id': 801, 'main': 'Clouds', 'description': 'few clouds', 'icon': '02d'}]}"
Aachen,52064,50.774051,6.075709,2021-11-08 14:00:00,10.65,"{'dt': 1636376400, 'temp': 283.8, 'feels_like': 282.49, 'pressure': 1021, 'humidity': 60, 'dew_point': 276.36, 'uvi': 0.57, 'clouds': 33, 'visibility': 10000, 'wind_speed': 1.79, 'wind_deg': 252, 'wind_gust': 3.58, 'weather': [{'id': 802, 'main': 'Clouds', 'description': 'scattered clouds', 'icon': '03d'}]}"
Aachen,52064,50.774051,6.075709,2021-11-08 15:00:00,10.2,"{'dt': 1636380000, 'temp': 283.35, 'feels_like': 282.12, 'pressure': 1021, 'humidity': 65, 'dew_point': 277.07, 'uvi': 0.34, 'clouds': 41, 'visibility': 10000, 'wind_speed': 1.34, 'wind_deg': 257, 'wind_gust': 3.13, 'weather': [{'id': 802, 'main': 'Clouds', 'description': 'scattered clouds', 'icon': '03d'}]}"
Aachen,52064,50.774051,6.075709,2021-11-08 16:00:00,9.8,"{'dt': 1636383600, 'temp': 282.95, 'feels_like': 282.75, 'pressure': 1021, 'humidity': 65, 'dew_point': 276.69, 'uvi': 0.14, 'clouds': 41, 'visibility': 10000, 'wind_speed': 1.34, 'wind_deg': 252, 'wind_gust': 2.24, 'weather': [{'id': 802, 'main': 'Clouds', 'description': 'scattered clouds', 'icon': '03d'}]}"
Aachen,52064,50.774051,6.075709,2021-11-08 17:00:00,8.78,"{'dt': 1636387200, 'temp': 281.93, 'feels_like': 281.93, 'pressure': 1021, 'humidity': 85, 'dew_point': 279.55, 'uvi': 0, 'clouds': 47, 'visibility': 10000, 'wind_speed': 0.45, 'wind_deg': 252, 'wind_gust': 1.79, 'weather': [{'id': 802, 'main': 'Clouds', 'description': 'scattered clouds', 'icon': '03n'}]}"
Aachen,52064,50.774051,6.075709,2021-11-08 18:00:00,7.91,"{'dt': 1636390800, 'temp': 281.06, 'feels_like': 281.06, 'pressure': 1022, 'humidity': 87, 'dew_point': 279.03, 'uvi': 0, 'clouds': 42, 'visibility': 10000, 'wind_speed': 0.45, 'wind_deg': 252, 'wind_gust': 1.34, 'weather': [{'id': 802, 'main': 'Clouds', 'description': 'scattered clouds', 'icon': '03n'}]}"
Aachen,52064,50.774051,6.075709,2021-11-08 19:00:00,6.97,"{'dt': 1636394400, 'temp': 280.12, 'feels_like': 279.33, 'pressure': 1022, 'humidity': 69, 'dew_point': 274.83, 'uvi': 0, 'clouds': 10, 'visibility': 10000, 'wind_speed': 1.51, 'wind_deg': 215, 'wind_gust': 1.48, 'weather': [{'id': 800, 'main': 'Clear', 'description': 'clear sky', 'icon': '01n'}]}"
Aachen,52064,50.774051,6.075709,2021-11-08 20:00:00,6.14,"{'dt': 1636398000, 'temp': 279.29, 'feels_like': 278.38, 'pressure': 1023, 'humidity': 83, 'dew_point': 276.62, 'uvi': 0, 'clouds': 17, 'visibility': 10000, 'wind_speed': 1.51, 'wind_deg': 197, 'wind_gust': 1.5, 'weather': [{'id': 801, 'main': 'Clouds', 'description': 'few clouds', 'icon': '02n'}]}"
Aachen,52064,50.774051,6.075709,2021-11-08 21:00:00,5.37,"{'dt': 1636401600, 'temp': 278.52, 'feels_like': 277.22, 'pressure': 1023, 'humidity': 92, 'dew_point': 277.33, 'uvi': 0, 'clouds': 19, 'visibility': 10000, 'wind_speed': 1.75, 'wind_deg': 200, 'wind_gust': 1.73, 'weather': [{'id': 801, 'main': 'Clouds', 'description': 'few clouds', 'icon': '02n'}]}"
Aachen,52064,50.774051,6.075709,2021-11-08 22:00:00,4.53,"{'dt': 1636405200, 'temp': 277.68, 'feels_like': 276.25, 'pressure': 1023, 'humidity': 94, 'dew_point': 276.8, 'uvi': 0, 'clouds': 19, 'visibility': 10000, 'wind_speed': 1.75, 'wind_deg': 188, 'wind_gust': 1.71, 'weather': [{'id': 801, 'main': 'Clouds', 'description': 'few clouds', 'icon': '02n'}]}"
Aachen,52064,50.774051,6.075709,2021-11-08 23:00:00,3.98,"{'dt': 1636408800, 'temp': 277.13, 'feels_like': 277.13, 'pressure': 1023, 'humidity': 94, 'dew_point': 276.25, 'uvi': 0, 'clouds': 18, 'visibility': 10000, 'wind_speed': 0.45, 'wind_deg': 252, 'wind_gust': 0.89, 'weather': [{'id': 801, 'main': 'Clouds', 'description': 'few clouds', 'icon': '02n'}]}"
Aachen,52064,50.774051,6.075709,2021-11-09 00:00:00,3.91,"{'dt': 1636412400, 'temp': 277.06, 'feels_like': 275.34, 'pressure': 1024, 'humidity': 82, 'dew_point': 274.27, 'uvi': 0, 'clouds': 20, 'visibility': 10000, 'wind_speed': 1.92, 'wind_deg': 182, 'wind_gust': 1.85, 'weather': [{'id': 801, 'main': 'Clouds', 'description': 'few clouds', 'icon': '02n'}]}"
Aachen,52064,50.774051,6.075709,2021-11-09 01:00:00,3.41,"{'dt': 1636416000, 'temp': 276.56, 'feels_like': 274.6, 'pressure': 1024, 'humidity': 77, 'dew_point': 272.95, 'uvi': 0, 'clouds': 10, 'visibility': 10000, 'wind_speed': 2.06, 'wind_deg': 182, 'wind_gust': 1.96, 'weather': [{'id': 800, 'main': 'Clear', 'description': 'clear sky', 'icon': '01n'}]}"
Aachen,52064,50.774051,6.075709,2021-11-09 02:00:00,3.33,"{'dt': 1636419600, 'temp': 276.48, 'feels_like': 274.43, 'pressure': 1023, 'humidity': 74, 'dew_point': 272.4, 'uvi': 0, 'clouds': 17, 'visibility': 10000, 'wind_speed': 2.13, 'wind_deg': 180, 'wind_gust': 2.04, 'weather': [{'id': 801, 'main': 'Clouds', 'description': 'few clouds', 'icon': '02n'}]}"
Aachen,52064,50.774051,6.075709,2021-11-09 03:00:00,2.91,"{'dt': 1636423200, 'temp': 276.06, 'feels_like': 276.06, 'pressure': 1023, 'humidity': 87, 'dew_point': 274.11, 'uvi': 0, 'clouds': 56, 'visibility': 10000, 'wind_speed': 0.45, 'wind_deg': 252, 'wind_gust': 1.34, 'weather': [{'id': 803, 'main': 'Clouds', 'description': 'broken clouds', 'icon': '04n'}]}"
Aachen,52064,50.774051,6.075709,2021-11-09 04:00:00,2.62,"{'dt': 1636426800, 'temp': 275.77, 'feels_like': 273.63, 'pressure': 1024, 'humidity': 88, 'dew_point': 273.99, 'uvi': 0, 'clouds': 71, 'visibility': 10000, 'wind_speed': 2.1, 'wind_deg': 184, 'wind_gust': 2.01, 'weather': [{'id': 803, 'main': 'Clouds', 'description': 'broken clouds', 'icon': '04n'}]}"
Aachen,52064,50.774051,6.075709,2021-11-09 05:00:00,2.33,"{'dt': 1636430400, 'temp': 275.48, 'feels_like': 275.48, 'pressure': 1024, 'humidity': 73, 'dew_point': 271.38, 'uvi': 0, 'clouds': 78, 'visibility': 10000, 'wind_speed': 0.89, 'wind_deg': 252, 'wind_gust': 1.79, 'weather': [{'id': 803, 'main': 'Clouds', 'description': 'broken clouds', 'icon': '04n'}]}"
Aachen,52064,50.774051,6.075709,2021-11-09 06:00:00,2.26,"{'dt': 1636434000, 'temp': 275.41, 'feels_like': 273.01, 'pressure': 1024, 'humidity': 81, 'dew_point': 272.57, 'uvi': 0, 'clouds': 83, 'visibility': 10000, 'wind_speed': 2.29, 'wind_deg': 177, 'wind_gust': 2.17, 'weather': [{'id': 803, 'main': 'Clouds', 'description': 'broken clouds', 'icon': '04n'}]}"
Aachen,52064,50.774051,6.075709,2021-11-09 07:00:00,2.12,"{'dt': 1636437600, 'temp': 275.27, 'feels_like': 272.81, 'pressure': 1024, 'humidity': 67, 'dew_point': 270.18, 'uvi': 0, 'clouds': 97, 'visibility': 10000, 'wind_speed': 2.33, 'wind_deg': 178, 'wind_gust': 2.18, 'weather': [{'id': 804, 'main': 'Clouds', 'description': 'overcast clouds', 'icon': '04n'}]}"
Aachen,52064,50.774051,6.075709,2021-11-09 08:00:00,2.04,"{'dt': 1636441200, 'temp': 275.19, 'feels_like': 272.74, 'pressure': 1025, 'humidity': 71, 'dew_point': 270.8, 'uvi': 0, 'clouds': 100, 'visibility': 10000, 'wind_speed': 2.3, 'wind_deg': 181, 'wind_gust': 2.19, 'weather': [{'id': 804, 'main': 'Clouds', 'description': 'overcast clouds', 'icon': '04d'}]}"
Aachen,52064,50.774051,6.075709,2021-11-09 09:00:00,3.69,"{'dt': 1636444800, 'temp': 276.84, 'feels_like': 276.84, 'pressure': 1025, 'humidity': 93, 'dew_point': 275.82, 'uvi': 0.15, 'clouds': 98, 'visibility': 10000, 'wind_speed': 0.45, 'wind_deg': 252, 'wind_gust': 0.89, 'weather': [{'id': 804, 'main': 'Clouds', 'description': 'overcast clouds', 'icon': '04d'}]}"
Aachen,52064,50.774051,6.075709,2021-11-09 10:00:00,6.44,"{'dt': 1636448400, 'temp': 279.59, 'feels_like': 279.59, 'pressure': 1025, 'humidity': 86, 'dew_point': 277.42, 'uvi': 0.42, 'clouds': 81, 'visibility': 10000, 'wind_speed': 0.45, 'wind_deg': 252, 'wind_gust': 1.79, 'weather': [{'id': 803, 'main': 'Clouds', 'description': 'broken clouds', 'icon': '04d'}]}"
Aachen,52064,50.774051,6.075709,2021-11-09 11:00:00,8.52,"{'dt': 1636452000, 'temp': 281.67, 'feels_like': 280.81, 'pressure': 1025, 'humidity': 78, 'dew_point': 278.06, 'uvi': 0.76, 'clouds': 70, 'visibility': 10000, 'wind_speed': 1.79, 'wind_deg': 191, 'wind_gust': 3.58, 'weather': [{'id': 803, 'main': 'Clouds', 'description': 'broken clouds', 'icon': '04d'}]}"
Aachen,52064,50.774051,6.075709,2021-11-09 12:00:00,10.4,"{'dt': 1636455600, 'temp': 283.55, 'feels_like': 281.93, 'pressure': 1025, 'humidity': 49, 'dew_point': 273.31, 'uvi': 1, 'clouds': 66, 'visibility': 10000, 'wind_speed': 0.89, 'wind_deg': 194, 'wind_gust': 2.68, 'weather': [{'id': 803, 'main': 'Clouds', 'description': 'broken clouds', 'icon': '04d'}]}"
Aachen,52064,50.774051,6.075709,2021-11-09 13:00:00,11.41,"{'dt': 1636459200, 'temp': 284.56, 'feels_like': 283.17, 'pressure': 1025, 'humidity': 54, 'dew_point': 275.59, 'uvi': 1.03, 'clouds': 21, 'visibility': 10000, 'wind_speed': 1.34, 'wind_deg': 213, 'wind_gust': 2.68, 'weather': [{'id': 801, 'main': 'Clouds', 'description': 'few clouds', 'icon': '02d'}]}"
Aachen,52064,50.774051,6.075709,2021-11-09 14:00:00,12.03,"{'dt': 1636462800, 'temp': 285.18, 'feels_like': 283.98, 'pressure': 1024, 'humidity': 59, 'dew_point': 277.42, 'uvi': 0.82, 'clouds': 30, 'visibility': 10000, 'wind_speed': 0.89, 'wind_deg': 215, 'wind_gust': 2.68, 'weather': [{'id': 802, 'main': 'Clouds', 'description': 'scattered clouds', 'icon': '03d'}]}"
Aachen,52064,50.774051,6.075709,2021-11-09 15:00:00,11.96,"{'dt': 1636466400, 'temp': 285.11, 'feels_like': 283.88, 'pressure': 1024, 'humidity': 58, 'dew_point': 277.11, 'uvi': 0.48, 'clouds': 45, 'visibility': 10000, 'wind_speed': 0.45, 'wind_deg': 215, 'wind_gust': 1.79, 'weather': [{'id': 802, 'main': 'Clouds', 'description': 'scattered clouds', 'icon': '03d'}]}"
Aachen,52064,50.774051,6.075709,2021-11-09 16:00:00,11.21,"{'dt': 1636470000, 'temp': 284.36, 'feels_like': 283.16, 'pressure': 1024, 'humidity': 62, 'dew_point': 277.36, 'uvi': 0.19, 'clouds': 46, 'visibility': 10000, 'wind_speed': 0.45, 'wind_deg': 215, 'wind_gust': 1.79, 'weather': [{'id': 802, 'main': 'Clouds', 'description': 'scattered clouds', 'icon': '03d'}]}"
Aachen,52064,50.774051,6.075709,2021-11-09 17:00:00,8.89,"{'dt': 1636473600, 'temp': 282.04, 'feels_like': 281.4, 'pressure': 1024, 'humidity': 67, 'dew_point': 276.25, 'uvi': 0, 'clouds': 56, 'visibility': 10000, 'wind_speed': 1.63, 'wind_deg': 141, 'wind_gust': 1.61, 'weather': [{'id': 803, 'main': 'Clouds', 'description': 'broken clouds', 'icon': '04n'}]}"
Aachen,52064,50.774051,6.075709,2021-11-09 18:00:00,6.77,"{'dt': 1636477200, 'temp': 279.92, 'feels_like': 278.35, 'pressure': 1024, 'humidity': 67, 'dew_point': 274.23, 'uvi': 0, 'clouds': 62, 'visibility': 10000, 'wind_speed': 2.25, 'wind_deg': 160, 'wind_gust': 2.28, 'weather': [{'id': 803, 'main': 'Clouds', 'description': 'broken clouds', 'icon': '04n'}]}"
Aachen,52064,50.774051,6.075709,2021-11-09 19:00:00,5.49,"{'dt': 1636480800, 'temp': 278.64, 'feels_like': 276.9, 'pressure': 1023, 'humidity': 70, 'dew_point': 273.61, 'uvi': 0, 'clouds': 98, 'visibility': 10000, 'wind_speed': 2.2, 'wind_deg': 166, 'wind_gust': 2.13, 'weather': [{'id': 804, 'main': 'Clouds', 'description': 'overcast clouds', 'icon': '04n'}]}"
Aachen,52064,50.774051,6.075709,2021-11-09 20:00:00,4.66,"{'dt': 1636484400, 'temp': 277.81, 'feels_like': 276.62, 'pressure': 1023, 'humidity': 70, 'dew_point': 272.85, 'uvi': 0, 'clouds': 98, 'visibility': 10000, 'wind_speed': 1.57, 'wind_deg': 171, 'wind_gust': 1.5, 'weather': [{'id': 804, 'main': 'Clouds', 'description': 'overcast clouds', 'icon': '04n'}]}"
Aachen,52064,50.774051,6.075709,2021-11-09 21:00:00,3.92,"{'dt': 1636488000, 'temp': 277.07, 'feels_like': 275, 'pressure': 1023, 'humidity': 92, 'dew_point': 275.89, 'uvi': 0, 'clouds': 99, 'visibility': 10000, 'wind_speed': 2.25, 'wind_deg': 169, 'wind_gust': 2.15, 'weather': [{'id': 804, 'main': 'Clouds', 'description': 'overcast clouds', 'icon': '04n'}]}"
Aachen,52064,50.774051,6.075709,2021-11-09 22:00:00,3.69,"{'dt': 1636491600, 'temp': 276.84, 'feels_like': 274.53, 'pressure': 1024, 'humidity': 92, 'dew_point': 275.66, 'uvi': 0, 'clouds': 80, 'visibility': 10000, 'wind_speed': 2.46, 'wind_deg': 181, 'wind_gust': 2.37, 'weather': [{'id': 803, 'main': 'Clouds', 'description': 'broken clouds', 'icon': '04n'}]}"
Aachen,52064,50.774051,6.075709,2021-11-09 23:00:00,3.61,"{'dt': 1636495200, 'temp': 276.76, 'feels_like': 274.39, 'pressure': 1024, 'humidity': 61, 'dew_point': 270.32, 'uvi': 0, 'clouds': 60, 'visibility': 10000, 'wind_speed': 2.51, 'wind_deg': 188, 'wind_gust': 2.47, 'weather': [{'id': 803, 'main': 'Clouds', 'description': 'broken clouds', 'icon': '04n'}]}"
Aachen,52064,50.774051,6.075709,2021-11-10 00:00:00,2.97,"{'dt': 1636498800, 'temp': 276.12, 'feels_like': 274.5, 'pressure': 1024, 'humidity': 63, 'dew_point': 270.16, 'uvi': 0, 'clouds': 49, 'visibility': 10000, 'wind_speed': 1.71, 'wind_deg': 177, 'wind_gust': 1.67, 'weather': [{'id': 802, 'main': 'Clouds', 'description': 'scattered clouds', 'icon': '03n'}]}"
Aachen,52064,50.774051,6.075709,2021-11-10 01:00:00,2.36,"{'dt': 1636502400, 'temp': 275.51, 'feels_like': 273.29, 'pressure': 1023, 'humidity': 92, 'dew_point': 274.35, 'uvi': 0, 'clouds': 83, 'visibility': 10000, 'wind_speed': 2.14, 'wind_deg': 170, 'wind_gust': 2.06, 'weather': [{'id': 803, 'main': 'Clouds', 'description': 'broken clouds', 'icon': '04n'}]}"
Aachen,52064,50.774051,6.075709,2021-11-10 02:00:00,2.2,"{'dt': 1636506000, 'temp': 275.35, 'feels_like': 275.35, 'pressure': 1023, 'humidity': 93, 'dew_point': 274.34, 'uvi': 0, 'clouds': 90, 'visibility': 10000, 'wind_speed': 1.2, 'wind_deg': 142, 'wind_gust': 1.12, 'weather': [{'id': 804, 'main': 'Clouds', 'description': 'overcast clouds', 'icon': '04n'}]}"
Aachen,52064,50.774051,6.075709,2021-11-10 03:00:00,1.78,"{'dt': 1636509600, 'temp': 274.93, 'feels_like': 273.1, 'pressure': 1023, 'humidity': 93, 'dew_point': 273.92, 'uvi': 0, 'clouds': 80, 'visibility': 10000, 'wind_speed': 1.73, 'wind_deg': 155, 'wind_gust': 1.63, 'weather': [{'id': 803, 'main': 'Clouds', 'description': 'broken clouds', 'icon': '04n'}]}"
Aachen,52064,50.774051,6.075709,2021-11-10 04:00:00,1.56,"{'dt': 1636513200, 'temp': 274.71, 'feels_like': 272.96, 'pressure': 1023, 'humidity': 93, 'dew_point': 273.7, 'uvi': 0, 'clouds': 82, 'visibility': 10000, 'wind_speed': 1.65, 'wind_deg': 163, 'wind_gust': 1.58, 'weather': [{'id': 803, 'main': 'Clouds', 'description': 'broken clouds', 'icon': '04n'}]}"
Aachen,52064,50.774051,6.075709,2021-11-10 05:00:00,1.23,"{'dt': 1636516800, 'temp': 274.38, 'feels_like': 272.31, 'pressure': 1023, 'humidity': 66, 'dew_point': 269.24, 'uvi': 0, 'clouds': 65, 'visibility': 10000, 'wind_speed': 1.85, 'wind_deg': 189, 'wind_gust': 1.76, 'weather': [{'id': 803, 'main': 'Clouds', 'description': 'broken clouds', 'icon': '04n'}]}"
Aachen,52064,50.774051,6.075709,2021-11-10 06:00:00,0.61,"{'dt': 1636520400, 'temp': 273.76, 'feels_like': 272.33, 'pressure': 1022, 'humidity': 93, 'dew_point': 272.81, 'uvi': 0, 'clouds': 69, 'visibility': 10000, 'wind_speed': 1.35, 'wind_deg': 203, 'wind_gust': 1.34, 'weather': [{'id': 803, 'main': 'Clouds', 'description': 'broken clouds', 'icon': '04n'}]}"
Aachen,52064,50.774051,6.075709,2021-11-10 07:00:00,0.45,"{'dt': 1636524000, 'temp': 273.6, 'feels_like': 273.6, 'pressure': 1022, 'humidity': 67, 'dew_point': 268.76, 'uvi': 0, 'clouds': 95, 'visibility': 10000, 'wind_speed': 0.53, 'wind_deg': 185, 'wind_gust': 0.65, 'weather': [{'id': 804, 'main': 'Clouds', 'description': 'overcast clouds', 'icon': '04n'}]}"
Aachen,52064,50.774051,6.075709,2021-11-10 08:00:00,0.47,"{'dt': 1636527600, 'temp': 273.62, 'feels_like': 273.62, 'pressure': 1022, 'humidity': 94, 'dew_point': 272.81, 'uvi': 0, 'clouds': 93, 'visibility': 10000, 'wind_speed': 0.97, 'wind_deg': 171, 'wind_gust': 0.9, 'weather': [{'id': 804, 'main': 'Clouds', 'description': 'overcast clouds', 'icon': '04d'}]}"
Aachen,52064,50.774051,6.075709,2021-11-10 09:00:00,1.8,"{'dt': 1636531200, 'temp': 274.95, 'feels_like': 274.95, 'pressure': 1023, 'humidity': 92, 'dew_point': 273.79, 'uvi': 0.14, 'clouds': 96, 'visibility': 10000, 'wind_speed': 0.91, 'wind_deg': 215, 'wind_gust': 0.9, 'weather': [{'id': 804, 'main': 'Clouds', 'description': 'overcast clouds', 'icon': '04d'}]}"
Aachen,52064,50.774051,6.075709,2021-11-10 10:00:00,3.54,"{'dt': 1636534800, 'temp': 276.69, 'feels_like': 276.69, 'pressure': 1023, 'humidity': 93, 'dew_point': 275.67, 'uvi': 0.4, 'clouds': 92, 'visibility': 10000, 'wind_speed': 0.8, 'wind_deg': 256, 'wind_gust': 0.87, 'weather': [{'id': 804, 'main': 'Clouds', 'description': 'overcast clouds', 'icon': '04d'}]}"
Aachen,52064,50.774051,6.075709,2021-11-10 11:00:00,6.51,"{'dt': 1636538400, 'temp': 279.66, 'feels_like': 279.66, 'pressure': 1023, 'humidity': 71, 'dew_point': 274.79, 'uvi': 0.67, 'clouds': 94, 'visibility': 10000, 'wind_speed': 0.91, 'wind_deg': 297, 'wind_gust': 0.88, 'weather': [{'id': 804, 'main': 'Clouds', 'description': 'overcast clouds', 'icon': '04d'}]}"
Aachen,52064,50.774051,6.075709,2021-11-10 12:00:00,8.16,"{'dt': 1636542000, 'temp': 281.31, 'feels_like': 281.31, 'pressure': 1023, 'humidity': 56, 'dew_point': 273.08, 'uvi': 0.88, 'clouds': 91, 'visibility': 10000, 'wind_speed': 0.41, 'wind_deg': 9, 'wind_gust': 0.51, 'weather': [{'id': 804, 'main': 'Clouds', 'description': 'overcast clouds', 'icon': '04d'}]}"
Aachen,52064,50.774051,6.075709,2021-11-10 13:00:00,8.95,"{'dt': 1636545600, 'temp': 282.1, 'feels_like': 282.1, 'pressure': 1022, 'humidity': 60, 'dew_point': 274.76, 'uvi': 0.9, 'clouds': 100, 'visibility': 10000, 'wind_speed': 0.89, 'wind_deg': 59, 'wind_gust': 0.93, 'weather': [{'id': 804, 'main': 'Clouds', 'description': 'overcast clouds', 'icon': '04d'}]}"
Aachen,52064,50.774051,6.075709,2021-11-10 14:00:00,9.8,"{'dt': 1636549200, 'temp': 282.95, 'feels_like': 282.95, 'pressure': 1022, 'humidity': 60, 'dew_point': 275.56, 'uvi': 0.71, 'clouds': 100, 'visibility': 10000, 'wind_speed': 0.44, 'wind_deg': 324, 'wind_gust': 0.31, 'weather': [{'id': 804, 'main': 'Clouds', 'description': 'overcast clouds', 'icon': '04d'}]}"
Aachen,52064,50.774051,6.075709,2021-11-10 15:00:00,9.93,"{'dt': 1636552800, 'temp': 283.08, 'feels_like': 283.08, 'pressure': 1022, 'humidity': 54, 'dew_point': 274.21, 'uvi': 0.42, 'clouds': 100, 'visibility': 10000, 'wind_speed': 0.84, 'wind_deg': 1, 'wind_gust': 0.69, 'weather': [{'id': 804, 'main': 'Clouds', 'description': 'overcast clouds', 'icon': '04d'}]}"
Aachen,52064,50.774051,6.075709,2021-11-10 16:00:00,9.29,"{'dt': 1636556400, 'temp': 282.44, 'feels_like': 282.44, 'pressure': 1024, 'humidity': 55, 'dew_point': 273.87, 'uvi': 0.17, 'clouds': 99, 'visibility': 10000, 'wind_speed': 1.02, 'wind_deg': 314, 'wind_gust': 1.06, 'weather': [{'id': 804, 'main': 'Clouds', 'description': 'overcast clouds', 'icon': '04d'}]}"
Aachen,52064,50.774051,6.075709,2021-11-10 17:00:00,6.64,"{'dt': 1636560000, 'temp': 279.79, 'feels_like': 279.79, 'pressure': 1024, 'humidity': 58, 'dew_point': 272.24, 'uvi': 0, 'clouds': 81, 'visibility': 10000, 'wind_speed': 0.14, 'wind_deg': 326, 'wind_gust': 0.22, 'weather': [{'id': 803, 'main': 'Clouds', 'description': 'broken clouds', 'icon': '04n'}]}"
Aachen,52064,50.774051,6.075709,2021-11-10 18:00:00,5.06,"{'dt': 1636563600, 'temp': 278.21, 'feels_like': 278.21, 'pressure': 1022, 'humidity': 88, 'dew_point': 276.39, 'uvi': 0, 'clouds': 80, 'visibility': 10000, 'wind_speed': 0.81, 'wind_deg': 128, 'wind_gust': 0.77, 'weather': [{'id': 803, 'main': 'Clouds', 'description': 'broken clouds', 'icon': '04n'}]}"
Aachen,52064,50.774051,6.075709,2021-11-10 19:00:00,3.97,"{'dt': 1636567200, 'temp': 277.12, 'feels_like': 277.12, 'pressure': 1022, 'humidity': 91, 'dew_point': 275.79, 'uvi': 0, 'clouds': 0, 'visibility': 10000, 'wind_speed': 1.22, 'wind_deg': 169, 'wind_gust': 1.15, 'weather': [{'id': 800, 'main': 'Clear', 'description': 'clear sky', 'icon': '01n'}]}"
Aachen,52064,50.774051,6.075709,2021-11-10 20:00:00,2.95,"{'dt': 1636570800, 'temp': 276.1, 'feels_like': 276.1, 'pressure': 1023, 'humidity': 82, 'dew_point': 273.33, 'uvi': 0, 'clouds': 0, 'visibility': 10000, 'wind_speed': 0.88, 'wind_deg': 168, 'wind_gust': 0.88, 'weather': [{'id': 800, 'main': 'Clear', 'description': 'clear sky', 'icon': '01n'}]}"
Aachen,52064,50.774051,6.075709,2021-11-10 21:00:00,2.47,"{'dt': 1636574400, 'temp': 275.62, 'feels_like': 275.62, 'pressure': 1022, 'humidity': 93, 'dew_point': 274.61, 'uvi': 0, 'clouds': 1, 'visibility': 10000, 'wind_speed': 1.07, 'wind_deg': 178, 'wind_gust': 1.05, 'weather': [{'id': 800, 'main': 'Clear', 'description': 'clear sky', 'icon': '01n'}]}"
Aachen,52064,50.774051,6.075709,2021-11-10 22:00:00,1.81,"{'dt': 1636578000, 'temp': 274.96, 'feels_like': 273.69, 'pressure': 1023, 'humidity': 94, 'dew_point': 274.1, 'uvi': 0, 'clouds': 3, 'visibility': 10000, 'wind_speed': 1.35, 'wind_deg': 154, 'wind_gust': 1.28, 'weather': [{'id': 800, 'main': 'Clear', 'description': 'clear sky', 'icon': '01n'}]}"
Aachen,52064,50.774051,6.075709,2021-11-10 23:00:00,1.71,"{'dt': 1636581600, 'temp': 274.86, 'feels_like': 273.44, 'pressure': 1022, 'humidity': 94, 'dew_point': 274, 'uvi': 0, 'clouds': 8, 'visibility': 10000, 'wind_speed': 1.44, 'wind_deg': 163, 'wind_gust': 1.35, 'weather': [{'id': 800, 'main': 'Clear', 'description': 'clear sky', 'icon': '01n'}]}"
Aachen,52064,50.774051,6.075709,2021-11-11 00:00:00,1.09,"{'dt': 1636585200, 'temp': 274.24, 'feels_like': 272.84, 'pressure': 1022, 'humidity': 70, 'dew_point': 269.82, 'uvi': 0, 'clouds': 8, 'visibility': 10000, 'wind_speed': 1.37, 'wind_deg': 187, 'wind_gust': 1.32, 'weather': [{'id': 800, 'main': 'Clear', 'description': 'clear sky', 'icon': '01n'}]}"
